<?xml version="1.0" encoding="utf-8"?>
<annotation>
<folder>images</folder>
<filename>0fcd0264-Sample_LPOs_for_AI_page-0001.jpg</filename>
<source>
<database>MyDatabase</database>
<annotation>COCO2017</annotation>
<image>flickr</image>
<flickrid>NULL</flickrid>
<annotator>1</annotator>
</source>
<owner>
<flickrid>NULL</flickrid>
<name>Label Studio</name>
</owner>
<size>
<width>1241</width>
<height>1755</height>
<depth>3</depth>
</size>
<segmented>0</segmented>
<object>
<name>Item Description</name>
<pose>Unspecified</pose>
<truncated>0</truncated>
<difficult>0</difficult>
<bndbox>
<xmin>138</xmin>
<ymin>580</ymin>
<xmax>444</xmax>
<ymax>739</ymax>
</bndbox>
</object>
<object>
<name>Item No</name>
<pose>Unspecified</pose>
<truncated>0</truncated>
<difficult>0</difficult>
<bndbox>
<xmin>49</xmin>
<ymin>589</ymin>
<xmax>132</xmax>
<ymax>736</ymax>
</bndbox>
</object>
</annotation>
